<?xml version="1.0" encoding="UTF-8" ?>
<rss version="2.0">

<channel>
<title>RSS Example</title>
<description>This is an example of an RSS feed</description>
<link>http://www.example.com/</link>
<lastBuildDate>Fri, 01 Jan 2010 00:00:00</lastBuildDate>
<pubDate>Fri, 01 Jan 2010 00:00:00</pubDate>

<item>
<title>Item Example</title>
<description>This is an example of an Item</description>
<link>http://www.example.com/</link>
<guid isPermaLink="false">123454</guid>
<pubDate>Fri, 01 Jan 2010 00:00:00</pubDate>
</item>

</channel>
</rss>